sarcomere_length_nm,region_id,extension_nm,added_length_nm,incremental_compliance_share,status,parameter_set_id,model_fingerprint,app_revision,build_inputs_fingerprint,export_contract_fingerprint
1900,prox_Ig,84.54418947947069,0,,not_evaluated,q8wz42-1-literature-bounded-force-law-SD-04-v2,7badc8e270e73e8bae3d84420448e6c79fee9e41bfdb0ca790484750ef329ef6,5d5f02d1a8699579cc775103c0cba793619aaa57,0b16efc4b581fd91a7b07112f0f8989ed463990363ff288e56d60241e782e720,a081b2a893b717ea345697c27f1edb074f0cb4d50f2e93dbd0604239c1f8c843
1900,N2A,16.220580276595392,0,,not_evaluated,q8wz42-1-literature-bounded-force-law-SD-04-v2,7badc8e270e73e8bae3d84420448e6c79fee9e41bfdb0ca790484750ef329ef6,5d5f02d1a8699579cc775103c0cba793619aaa57,0b16efc4b581fd91a7b07112f0f8989ed463990363ff288e56d60241e782e720,a081b2a893b717ea345697c27f1edb074f0cb4d50f2e93dbd0604239c1f8c843
1900,PEVK,5.955405491615885,0,,not_evaluated,q8wz42-1-literature-bounded-force-law-SD-04-v2,7badc8e270e73e8bae3d84420448e6c79fee9e41bfdb0ca790484750ef329ef6,5d5f02d1a8699579cc775103c0cba793619aaa57,0b16efc4b581fd91a7b07112f0f8989ed463990363ff288e56d60241e782e720,a081b2a893b717ea345697c27f1edb074f0cb4d50f2e93dbd0604239c1f8c843
1900,dist_Ig,18.279824752317985,0,,not_evaluated,q8wz42-1-literature-bounded-force-law-SD-04-v2,7badc8e270e73e8bae3d84420448e6c79fee9e41bfdb0ca790484750ef329ef6,5d5f02d1a8699579cc775103c0cba793619aaa57,0b16efc4b581fd91a7b07112f0f8989ed463990363ff288e56d60241e782e720,a081b2a893b717ea345697c27f1edb074f0cb4d50f2e93dbd0604239c1f8c843
1900,post_N2A_unknown,0,0,,not_evaluated,q8wz42-1-literature-bounded-force-law-SD-04-v2,7badc8e270e73e8bae3d84420448e6c79fee9e41bfdb0ca790484750ef329ef6,5d5f02d1a8699579cc775103c0cba793619aaa57,0b16efc4b581fd91a7b07112f0f8989ed463990363ff288e56d60241e782e720,a081b2a893b717ea345697c27f1edb074f0cb4d50f2e93dbd0604239c1f8c843
1934,prox_Ig,97.46910630717946,12.92491682770877,,not_evaluated,q8wz42-1-literature-bounded-force-law-SD-04-v2,7badc8e270e73e8bae3d84420448e6c79fee9e41bfdb0ca790484750ef329ef6,5d5f02d1a8699579cc775103c0cba793619aaa57,0b16efc4b581fd91a7b07112f0f8989ed463990363ff288e56d60241e782e720,a081b2a893b717ea345697c27f1edb074f0cb4d50f2e93dbd0604239c1f8c843
1934,N2A,16.266395778297298,0.04581550170190596,,not_evaluated,q8wz42-1-literature-bounded-force-law-SD-04-v2,7badc8e270e73e8bae3d84420448e6c79fee9e41bfdb0ca790484750ef329ef6,5d5f02d1a8699579cc775103c0cba793619aaa57,0b16efc4b581fd91a7b07112f0f8989ed463990363ff288e56d60241e782e720,a081b2a893b717ea345697c27f1edb074f0cb4d50f2e93dbd0604239c1f8c843
1934,PEVK,7.190096550808695,1.2346910591928104,,not_evaluated,q8wz42-1-literature-bounded-force-law-SD-04-v2,7badc8e270e73e8bae3d84420448e6c79fee9e41bfdb0ca790484750ef329ef6,5d5f02d1a8699579cc775103c0cba793619aaa57,0b16efc4b581fd91a7b07112f0f8989ed463990363ff288e56d60241e782e720,a081b2a893b717ea345697c27f1edb074f0cb4d50f2e93dbd0604239c1f8c843
1934,dist_Ig,21.07440136371448,2.7945766113964936,,not_evaluated,q8wz42-1-literature-bounded-force-law-SD-04-v2,7badc8e270e73e8bae3d84420448e6c79fee9e41bfdb0ca790484750ef329ef6,5d5f02d1a8699579cc775103c0cba793619aaa57,0b16efc4b581fd91a7b07112f0f8989ed463990363ff288e56d60241e782e720,a081b2a893b717ea345697c27f1edb074f0cb4d50f2e93dbd0604239c1f8c843
1934,post_N2A_unknown,0,0,,not_evaluated,q8wz42-1-literature-bounded-force-law-SD-04-v2,7badc8e270e73e8bae3d84420448e6c79fee9e41bfdb0ca790484750ef329ef6,5d5f02d1a8699579cc775103c0cba793619aaa57,0b16efc4b581fd91a7b07112f0f8989ed463990363ff288e56d60241e782e720,a081b2a893b717ea345697c27f1edb074f0cb4d50f2e93dbd0604239c1f8c843
1969,prox_Ig,110.64588876237751,26.10169928290682,,not_evaluated,q8wz42-1-literature-bounded-force-law-SD-04-v2,7badc8e270e73e8bae3d84420448e6c79fee9e41bfdb0ca790484750ef329ef6,5d5f02d1a8699579cc775103c0cba793619aaa57,0b16efc4b581fd91a7b07112f0f8989ed463990363ff288e56d60241e782e720,a081b2a893b717ea345697c27f1edb074f0cb4d50f2e93dbd0604239c1f8c843
1969,N2A,16.31917610101441,0.09859582441901793,,not_evaluated,q8wz42-1-literature-bounded-force-law-SD-04-v2,7badc8e270e73e8bae3d84420448e6c79fee9e41bfdb0ca790484750ef329ef6,5d5f02d1a8699579cc775103c0cba793619aaa57,0b16efc4b581fd91a7b07112f0f8989ed463990363ff288e56d60241e782e720,a081b2a893b717ea345697c27f1edb074f0cb4d50f2e93dbd0604239c1f8c843
1969,PEVK,8.611499728526521,2.6560942369106364,,not_evaluated,q8wz42-1-literature-bounded-force-law-SD-04-v2,7badc8e270e73e8bae3d84420448e6c79fee9e41bfdb0ca790484750ef329ef6,5d5f02d1a8699579cc775103c0cba793619aaa57,0b16efc4b581fd91a7b07112f0f8989ed463990363ff288e56d60241e782e720,a081b2a893b717ea345697c27f1edb074f0cb4d50f2e93dbd0604239c1f8c843
1969,dist_Ig,23.923435408081623,5.643610655763638,,not_evaluated,q8wz42-1-literature-bounded-force-law-SD-04-v2,7badc8e270e73e8bae3d84420448e6c79fee9e41bfdb0ca790484750ef329ef6,5d5f02d1a8699579cc775103c0cba793619aaa57,0b16efc4b581fd91a7b07112f0f8989ed463990363ff288e56d60241e782e720,a081b2a893b717ea345697c27f1edb074f0cb4d50f2e93dbd0604239c1f8c843
1969,post_N2A_unknown,0,0,,not_evaluated,q8wz42-1-literature-bounded-force-law-SD-04-v2,7badc8e270e73e8bae3d84420448e6c79fee9e41bfdb0ca790484750ef329ef6,5d5f02d1a8699579cc775103c0cba793619aaa57,0b16efc4b581fd91a7b07112f0f8989ed463990363ff288e56d60241e782e720,a081b2a893b717ea345697c27f1edb074f0cb4d50f2e93dbd0604239c1f8c843
2003,prox_Ig,123.28856021603123,38.74437073656054,0.7383397128628642,supported,q8wz42-1-literature-bounded-force-law-SD-04-v2,7badc8e270e73e8bae3d84420448e6c79fee9e41bfdb0ca790484750ef329ef6,5d5f02d1a8699579cc775103c0cba793619aaa57,0b16efc4b581fd91a7b07112f0f8989ed463990363ff288e56d60241e782e720,a081b2a893b717ea345697c27f1edb074f0cb4d50f2e93dbd0604239c1f8c843
2003,N2A,16.377356411536528,0.1567761349411363,0.0036568324336665077,supported,q8wz42-1-literature-bounded-force-law-SD-04-v2,7badc8e270e73e8bae3d84420448e6c79fee9e41bfdb0ca790484750ef329ef6,5d5f02d1a8699579cc775103c0cba793619aaa57,0b16efc4b581fd91a7b07112f0f8989ed463990363ff288e56d60241e782e720,a081b2a893b717ea345697c27f1edb074f0cb4d50f2e93dbd0604239c1f8c843
2003,PEVK,10.177097379776777,4.221691888160892,0.09836243570607452,supported,q8wz42-1-literature-bounded-force-law-SD-04-v2,7badc8e270e73e8bae3d84420448e6c79fee9e41bfdb0ca790484750ef329ef6,5d5f02d1a8699579cc775103c0cba793619aaa57,0b16efc4b581fd91a7b07112f0f8989ed463990363ff288e56d60241e782e720,a081b2a893b717ea345697c27f1edb074f0cb4d50f2e93dbd0604239c1f8c843
2003,dist_Ig,26.6569859926554,8.377161240337415,0.15964101899739472,supported,q8wz42-1-literature-bounded-force-law-SD-04-v2,7badc8e270e73e8bae3d84420448e6c79fee9e41bfdb0ca790484750ef329ef6,5d5f02d1a8699579cc775103c0cba793619aaa57,0b16efc4b581fd91a7b07112f0f8989ed463990363ff288e56d60241e782e720,a081b2a893b717ea345697c27f1edb074f0cb4d50f2e93dbd0604239c1f8c843
2003,post_N2A_unknown,0,0,,supported,q8wz42-1-literature-bounded-force-law-SD-04-v2,7badc8e270e73e8bae3d84420448e6c79fee9e41bfdb0ca790484750ef329ef6,5d5f02d1a8699579cc775103c0cba793619aaa57,0b16efc4b581fd91a7b07112f0f8989ed463990363ff288e56d60241e782e720,a081b2a893b717ea345697c27f1edb074f0cb4d50f2e93dbd0604239c1f8c843
2038,prox_Ig,136.0961326705911,51.5519431911204,0.7248214754299924,supported,q8wz42-1-literature-bounded-force-law-SD-04-v2,7badc8e270e73e8bae3d84420448e6c79fee9e41bfdb0ca790484750ef329ef6,5d5f02d1a8699579cc775103c0cba793619aaa57,0b16efc4b581fd91a7b07112f0f8989ed463990363ff288e56d60241e782e720,a081b2a893b717ea345697c27f1edb074f0cb4d50f2e93dbd0604239c1f8c843
2038,N2A,16.44632627982086,0.225746003225467,0.004250212440057723,supported,q8wz42-1-literature-bounded-force-law-SD-04-v2,7badc8e270e73e8bae3d84420448e6c79fee9e41bfdb0ca790484750ef329ef6,5d5f02d1a8699579cc775103c0cba793619aaa57,0b16efc4b581fd91a7b07112f0f8989ed463990363ff288e56d60241e782e720,a081b2a893b717ea345697c27f1edb074f0cb4d50f2e93dbd0604239c1f8c843
2038,PEVK,12.031350201892588,6.075944710276703,0.11421015528020337,supported,q8wz42-1-literature-bounded-force-law-SD-04-v2,7badc8e270e73e8bae3d84420448e6c79fee9e41bfdb0ca790484750ef329ef6,5d5f02d1a8699579cc775103c0cba793619aaa57,0b16efc4b581fd91a7b07112f0f8989ed463990363ff288e56d60241e782e720,a081b2a893b717ea345697c27f1edb074f0cb4d50f2e93dbd0604239c1f8c843
2038,dist_Ig,29.426190847695374,11.146366095377388,0.1567181568497465,supported,q8wz42-1-literature-bounded-force-law-SD-04-v2,7badc8e270e73e8bae3d84420448e6c79fee9e41bfdb0ca790484750ef329ef6,5d5f02d1a8699579cc775103c0cba793619aaa57,0b16efc4b581fd91a7b07112f0f8989ed463990363ff288e56d60241e782e720,a081b2a893b717ea345697c27f1edb074f0cb4d50f2e93dbd0604239c1f8c843
2038,post_N2A_unknown,0,0,,supported,q8wz42-1-literature-bounded-force-law-SD-04-v2,7badc8e270e73e8bae3d84420448e6c79fee9e41bfdb0ca790484750ef329ef6,5d5f02d1a8699579cc775103c0cba793619aaa57,0b16efc4b581fd91a7b07112f0f8989ed463990363ff288e56d60241e782e720,a081b2a893b717ea345697c27f1edb074f0cb4d50f2e93dbd0604239c1f8c843
2072,prox_Ig,148.28109138730267,63.73690190783198,0.7080247597212197,supported,q8wz42-1-literature-bounded-force-law-SD-04-v2,7badc8e270e73e8bae3d84420448e6c79fee9e41bfdb0ca790484750ef329ef6,5d5f02d1a8699579cc775103c0cba793619aaa57,0b16efc4b581fd91a7b07112f0f8989ed463990363ff288e56d60241e782e720,a081b2a893b717ea345697c27f1edb074f0cb4d50f2e93dbd0604239c1f8c843
2072,N2A,16.524601146383738,0.30402086978834575,0.004988624941656835,supported,q8wz42-1-literature-bounded-force-law-SD-04-v2,7badc8e270e73e8bae3d84420448e6c79fee9e41bfdb0ca790484750ef329ef6,5d5f02d1a8699579cc775103c0cba793619aaa57,0b16efc4b581fd91a7b07112f0f8989ed463990363ff288e56d60241e782e720,a081b2a893b717ea345697c27f1edb074f0cb4d50f2e93dbd0604239c1f8c843
2072,PEVK,14.13353095014011,8.178125458524224,0.133900180802824,supported,q8wz42-1-literature-bounded-force-law-SD-04-v2,7badc8e270e73e8bae3d84420448e6c79fee9e41bfdb0ca790484750ef329ef6,5d5f02d1a8699579cc775103c0cba793619aaa57,0b16efc4b581fd91a7b07112f0f8989ed463990363ff288e56d60241e782e720,a081b2a893b717ea345697c27f1edb074f0cb4d50f2e93dbd0604239c1f8c843
2072,dist_Ig,32.06077651617355,13.780951763855562,0.15308643453429938,supported,q8wz42-1-literature-bounded-force-law-SD-04-v2,7badc8e270e73e8bae3d84420448e6c79fee9e41bfdb0ca790484750ef329ef6,5d5f02d1a8699579cc775103c0cba793619aaa57,0b16efc4b581fd91a7b07112f0f8989ed463990363ff288e56d60241e782e720,a081b2a893b717ea345697c27f1edb074f0cb4d50f2e93dbd0604239c1f8c843
2072,post_N2A_unknown,0,0,,supported,q8wz42-1-literature-bounded-force-law-SD-04-v2,7badc8e270e73e8bae3d84420448e6c79fee9e41bfdb0ca790484750ef329ef6,5d5f02d1a8699579cc775103c0cba793619aaa57,0b16efc4b581fd91a7b07112f0f8989ed463990363ff288e56d60241e782e720,a081b2a893b717ea345697c27f1edb074f0cb4d50f2e93dbd0604239c1f8c843
2106,prox_Ig,160.14311957380295,75.59893009433226,0.6866627696647726,supported,q8wz42-1-literature-bounded-force-law-SD-04-v2,7badc8e270e73e8bae3d84420448e6c79fee9e41bfdb0ca790484750ef329ef6,5d5f02d1a8699579cc775103c0cba793619aaa57,0b16efc4b581fd91a7b07112f0f8989ed463990363ff288e56d60241e782e720,a081b2a893b717ea345697c27f1edb074f0cb4d50f2e93dbd0604239c1f8c843
2106,N2A,16.617086489310722,0.39650621271533026,0.005929582328038479,supported,q8wz42-1-literature-bounded-force-law-SD-04-v2,7badc8e270e73e8bae3d84420448e6c79fee9e41bfdb0ca790484750ef329ef6,5d5f02d1a8699579cc775103c0cba793619aaa57,0b16efc4b581fd91a7b07112f0f8989ed463990363ff288e56d60241e782e720,a081b2a893b717ea345697c27f1edb074f0cb4d50f2e93dbd0604239c1f8c843
2106,PEVK,16.61425456957752,10.658849077961634,0.1589400221338548,supported,q8wz42-1-literature-bounded-force-law-SD-04-v2,7badc8e270e73e8bae3d84420448e6c79fee9e41bfdb0ca790484750ef329ef6,5d5f02d1a8699579cc775103c0cba793619aaa57,0b16efc4b581fd91a7b07112f0f8989ed463990363ff288e56d60241e782e720,a081b2a893b717ea345697c27f1edb074f0cb4d50f2e93dbd0604239c1f8c843
2106,dist_Ig,34.62553936730875,16.34571461499076,0.14846762587333412,supported,q8wz42-1-literature-bounded-force-law-SD-04-v2,7badc8e270e73e8bae3d84420448e6c79fee9e41bfdb0ca790484750ef329ef6,5d5f02d1a8699579cc775103c0cba793619aaa57,0b16efc4b581fd91a7b07112f0f8989ed463990363ff288e56d60241e782e720,a081b2a893b717ea345697c27f1edb074f0cb4d50f2e93dbd0604239c1f8c843
2106,post_N2A_unknown,0,0,,supported,q8wz42-1-literature-bounded-force-law-SD-04-v2,7badc8e270e73e8bae3d84420448e6c79fee9e41bfdb0ca790484750ef329ef6,5d5f02d1a8699579cc775103c0cba793619aaa57,0b16efc4b581fd91a7b07112f0f8989ed463990363ff288e56d60241e782e720,a081b2a893b717ea345697c27f1edb074f0cb4d50f2e93dbd0604239c1f8c843
2141,prox_Ig,171.92564585130748,87.38145637183679,0.6588377145239722,supported,q8wz42-1-literature-bounded-force-law-SD-04-v2,7badc8e270e73e8bae3d84420448e6c79fee9e41bfdb0ca790484750ef329ef6,5d5f02d1a8699579cc775103c0cba793619aaa57,0b16efc4b581fd91a7b07112f0f8989ed463990363ff288e56d60241e782e720,a081b2a893b717ea345697c27f1edb074f0cb4d50f2e93dbd0604239c1f8c843
2141,N2A,16.731186364461998,0.5106060878666057,0.007158456580175044,supported,q8wz42-1-literature-bounded-force-law-SD-04-v2,7badc8e270e73e8bae3d84420448e6c79fee9e41bfdb0ca790484750ef329ef6,5d5f02d1a8699579cc775103c0cba793619aaa57,0b16efc4b581fd91a7b07112f0f8989ed463990363ff288e56d60241e782e720,a081b2a893b717ea345697c27f1edb074f0cb4d50f2e93dbd0604239c1f8c843
2141,PEVK,19.670055167731572,13.714649676115688,0.19155243116080703,supported,q8wz42-1-literature-bounded-force-law-SD-04-v2,7badc8e270e73e8bae3d84420448e6c79fee9e41bfdb0ca790484750ef329ef6,5d5f02d1a8699579cc775103c0cba793619aaa57,0b16efc4b581fd91a7b07112f0f8989ed463990363ff288e56d60241e782e720,a081b2a893b717ea345697c27f1edb074f0cb4d50f2e93dbd0604239c1f8c843
2141,dist_Ig,37.17311261649891,18.893287864180927,0.1424513977350458,supported,q8wz42-1-literature-bounded-force-law-SD-04-v2,7badc8e270e73e8bae3d84420448e6c79fee9e41bfdb0ca790484750ef329ef6,5d5f02d1a8699579cc775103c0cba793619aaa57,0b16efc4b581fd91a7b07112f0f8989ed463990363ff288e56d60241e782e720,a081b2a893b717ea345697c27f1edb074f0cb4d50f2e93dbd0604239c1f8c843
2141,post_N2A_unknown,0,0,,supported,q8wz42-1-literature-bounded-force-law-SD-04-v2,7badc8e270e73e8bae3d84420448e6c79fee9e41bfdb0ca790484750ef329ef6,5d5f02d1a8699579cc775103c0cba793619aaa57,0b16efc4b581fd91a7b07112f0f8989ed463990363ff288e56d60241e782e720,a081b2a893b717ea345697c27f1edb074f0cb4d50f2e93dbd0604239c1f8c843
2175,prox_Ig,182.84992659044406,98.30573711097337,0.6252361620661233,supported,q8wz42-1-literature-bounded-force-law-SD-04-v2,7badc8e270e73e8bae3d84420448e6c79fee9e41bfdb0ca790484750ef329ef6,5d5f02d1a8699579cc775103c0cba793619aaa57,0b16efc4b581fd91a7b07112f0f8989ed463990363ff288e56d60241e782e720,a081b2a893b717ea345697c27f1edb074f0cb4d50f2e93dbd0604239c1f8c843
2175,N2A,16.865102082573642,0.6445218059782505,0.008647649231602881,supported,q8wz42-1-literature-bounded-force-law-SD-04-v2,7badc8e270e73e8bae3d84420448e6c79fee9e41bfdb0ca790484750ef329ef6,5d5f02d1a8699579cc775103c0cba793619aaa57,0b16efc4b581fd91a7b07112f0f8989ed463990363ff288e56d60241e782e720,a081b2a893b717ea345697c27f1edb074f0cb4d50f2e93dbd0604239c1f8c843
2175,PEVK,23.24985206418349,17.294446572567605,0.2309299914986324,supported,q8wz42-1-literature-bounded-force-law-SD-04-v2,7badc8e270e73e8bae3d84420448e6c79fee9e41bfdb0ca790484750ef329ef6,5d5f02d1a8699579cc775103c0cba793619aaa57,0b16efc4b581fd91a7b07112f0f8989ed463990363ff288e56d60241e782e720,a081b2a893b717ea345697c27f1edb074f0cb4d50f2e93dbd0604239c1f8c843
2175,dist_Ig,39.535119262798716,21.25529451048073,0.13518619720364144,supported,q8wz42-1-literature-bounded-force-law-SD-04-v2,7badc8e270e73e8bae3d84420448e6c79fee9e41bfdb0ca790484750ef329ef6,5d5f02d1a8699579cc775103c0cba793619aaa57,0b16efc4b581fd91a7b07112f0f8989ed463990363ff288e56d60241e782e720,a081b2a893b717ea345697c27f1edb074f0cb4d50f2e93dbd0604239c1f8c843
2175,post_N2A_unknown,0,0,,supported,q8wz42-1-literature-bounded-force-law-SD-04-v2,7badc8e270e73e8bae3d84420448e6c79fee9e41bfdb0ca790484750ef329ef6,5d5f02d1a8699579cc775103c0cba793619aaa57,0b16efc4b581fd91a7b07112f0f8989ed463990363ff288e56d60241e782e720,a081b2a893b717ea345697c27f1edb074f0cb4d50f2e93dbd0604239c1f8c843
2209,prox_Ig,193.14441636121956,108.60022688174887,0.5847360850969956,supported,q8wz42-1-literature-bounded-force-law-SD-04-v2,7badc8e270e73e8bae3d84420448e6c79fee9e41bfdb0ca790484750ef329ef6,5d5f02d1a8699579cc775103c0cba793619aaa57,0b16efc4b581fd91a7b07112f0f8989ed463990363ff288e56d60241e782e720,a081b2a893b717ea345697c27f1edb074f0cb4d50f2e93dbd0604239c1f8c843
2209,N2A,17.0269934662548,0.8064131896594091,0.01045096062969989,supported,q8wz42-1-literature-bounded-force-law-SD-04-v2,7badc8e270e73e8bae3d84420448e6c79fee9e41bfdb0ca790484750ef329ef6,5d5f02d1a8699579cc775103c0cba793619aaa57,0b16efc4b581fd91a7b07112f0f8989ed463990363ff288e56d60241e782e720,a081b2a893b717ea345697c27f1edb074f0cb4d50f2e93dbd0604239c1f8c843
2209,PEVK,27.567635283613217,21.612229791997333,0.27838353046831094,supported,q8wz42-1-literature-bounded-force-law-SD-04-v2,7badc8e270e73e8bae3d84420448e6c79fee9e41bfdb0ca790484750ef329ef6,5d5f02d1a8699579cc775103c0cba793619aaa57,0b16efc4b581fd91a7b07112f0f8989ed463990363ff288e56d60241e782e720,a081b2a893b717ea345697c27f1edb074f0cb4d50f2e93dbd0604239c1f8c843
2209,dist_Ig,41.76095488891234,23.481130136594352,0.12642942380499358,supported,q8wz42-1-literature-bounded-force-law-SD-04-v2,7badc8e270e73e8bae3d84420448e6c79fee9e41bfdb0ca790484750ef329ef6,5d5f02d1a8699579cc775103c0cba793619aaa57,0b16efc4b581fd91a7b07112f0f8989ed463990363ff288e56d60241e782e720,a081b2a893b717ea345697c27f1edb074f0cb4d50f2e93dbd0604239c1f8c843
2209,post_N2A_unknown,0,0,,supported,q8wz42-1-literature-bounded-force-law-SD-04-v2,7badc8e270e73e8bae3d84420448e6c79fee9e41bfdb0ca790484750ef329ef6,5d5f02d1a8699579cc775103c0cba793619aaa57,0b16efc4b581fd91a7b07112f0f8989ed463990363ff288e56d60241e782e720,a081b2a893b717ea345697c27f1edb074f0cb4d50f2e93dbd0604239c1f8c843
2244,prox_Ig,202.9627629569904,118.4185734775197,0.5363310747925352,supported,q8wz42-1-literature-bounded-force-law-SD-04-v2,7badc8e270e73e8bae3d84420448e6c79fee9e41bfdb0ca790484750ef329ef6,5d5f02d1a8699579cc775103c0cba793619aaa57,0b16efc4b581fd91a7b07112f0f8989ed463990363ff288e56d60241e782e720,a081b2a893b717ea345697c27f1edb074f0cb4d50f2e93dbd0604239c1f8c843
2244,N2A,17.228438463747814,1.0078581871524221,0.012620226859660298,supported,q8wz42-1-literature-bounded-force-law-SD-04-v2,7badc8e270e73e8bae3d84420448e6c79fee9e41bfdb0ca790484750ef329ef6,5d5f02d1a8699579cc775103c0cba793619aaa57,0b16efc4b581fd91a7b07112f0f8989ed463990363ff288e56d60241e782e720,a081b2a893b717ea345697c27f1edb074f0cb4d50f2e93dbd0604239c1f8c843
2244,PEVK,32.9249579399125,26.969552448296618,0.3350852227169661,supported,q8wz42-1-literature-bounded-force-law-SD-04-v2,7badc8e270e73e8bae3d84420448e6c79fee9e41bfdb0ca790484750ef329ef6,5d5f02d1a8699579cc775103c0cba793619aaa57,0b16efc4b581fd91a7b07112f0f8989ed463990363ff288e56d60241e782e720,a081b2a893b717ea345697c27f1edb074f0cb4d50f2e93dbd0604239c1f8c843
2244,dist_Ig,43.88384063934927,25.604015887031288,0.11596347563083846,supported,q8wz42-1-literature-bounded-force-law-SD-04-v2,7badc8e270e73e8bae3d84420448e6c79fee9e41bfdb0ca790484750ef329ef6,5d5f02d1a8699579cc775103c0cba793619aaa57,0b16efc4b581fd91a7b07112f0f8989ed463990363ff288e56d60241e782e720,a081b2a893b717ea345697c27f1edb074f0cb4d50f2e93dbd0604239c1f8c843
2244,post_N2A_unknown,0,0,,supported,q8wz42-1-literature-bounded-force-law-SD-04-v2,7badc8e270e73e8bae3d84420448e6c79fee9e41bfdb0ca790484750ef329ef6,5d5f02d1a8699579cc775103c0cba793619aaa57,0b16efc4b581fd91a7b07112f0f8989ed463990363ff288e56d60241e782e720,a081b2a893b717ea345697c27f1edb074f0cb4d50f2e93dbd0604239c1f8c843
2278,prox_Ig,211.64449584605933,127.10030636658864,0.48445177082737806,supported,q8wz42-1-literature-bounded-force-law-SD-04-v2,7badc8e270e73e8bae3d84420448e6c79fee9e41bfdb0ca790484750ef329ef6,5d5f02d1a8699579cc775103c0cba793619aaa57,0b16efc4b581fd91a7b07112f0f8989ed463990363ff288e56d60241e782e720,a081b2a893b717ea345697c27f1edb074f0cb4d50f2e93dbd0604239c1f8c843
2278,N2A,17.462657471926615,1.2420771953312233,0.014965994458544714,supported,q8wz42-1-literature-bounded-force-law-SD-04-v2,7badc8e270e73e8bae3d84420448e6c79fee9e41bfdb0ca790484750ef329ef6,5d5f02d1a8699579cc775103c0cba793619aaa57,0b16efc4b581fd91a7b07112f0f8989ed463990363ff288e56d60241e782e720,a081b2a893b717ea345697c27f1edb074f0cb4d50f2e93dbd0604239c1f8c843
2278,PEVK,39.1318746071904,33.17646911557451,0.39583590588655604,supported,q8wz42-1-literature-bounded-force-law-SD-04-v2,7badc8e270e73e8bae3d84420448e6c79fee9e41bfdb0ca790484750ef329ef6,5d5f02d1a8699579cc775103c0cba793619aaa57,0b16efc4b581fd91a7b07112f0f8989ed463990363ff288e56d60241e782e720,a081b2a893b717ea345697c27f1edb074f0cb4d50f2e93dbd0604239c1f8c843
2278,dist_Ig,45.76097207482364,27.481147322505656,0.10474632882752115,supported,q8wz42-1-literature-bounded-force-law-SD-04-v2,7badc8e270e73e8bae3d84420448e6c79fee9e41bfdb0ca790484750ef329ef6,5d5f02d1a8699579cc775103c0cba793619aaa57,0b16efc4b581fd91a7b07112f0f8989ed463990363ff288e56d60241e782e720,a081b2a893b717ea345697c27f1edb074f0cb4d50f2e93dbd0604239c1f8c843
2278,post_N2A_unknown,0,0,,supported,q8wz42-1-literature-bounded-force-law-SD-04-v2,7badc8e270e73e8bae3d84420448e6c79fee9e41bfdb0ca790484750ef329ef6,5d5f02d1a8699579cc775103c0cba793619aaa57,0b16efc4b581fd91a7b07112f0f8989ed463990363ff288e56d60241e782e720,a081b2a893b717ea345697c27f1edb074f0cb4d50f2e93dbd0604239c1f8c843
2313,prox_Ig,219.6368980136723,135.09270853420162,0.42887004645009313,supported,q8wz42-1-literature-bounded-force-law-SD-04-v2,7badc8e270e73e8bae3d84420448e6c79fee9e41bfdb0ca790484750ef329ef6,5d5f02d1a8699579cc775103c0cba793619aaa57,0b16efc4b581fd91a7b07112f0f8989ed463990363ff288e56d60241e782e720,a081b2a893b717ea345697c27f1edb074f0cb4d50f2e93dbd0604239c1f8c843
2313,N2A,17.746734007189012,1.5261537305936201,0.017510533038025255,supported,q8wz42-1-literature-bounded-force-law-SD-04-v2,7badc8e270e73e8bae3d84420448e6c79fee9e41bfdb0ca790484750ef329ef6,5d5f02d1a8699579cc775103c0cba793619aaa57,0b16efc4b581fd91a7b07112f0f8989ed463990363ff288e56d60241e782e720,a081b2a893b717ea345697c27f1edb074f0cb4d50f2e93dbd0604239c1f8c843
2313,PEVK,46.627308949155456,40.67190345753957,0.4608907618197131,supported,q8wz42-1-literature-bounded-force-law-SD-04-v2,7badc8e270e73e8bae3d84420448e6c79fee9e41bfdb0ca790484750ef329ef6,5d5f02d1a8699579cc775103c0cba793619aaa57,0b16efc4b581fd91a7b07112f0f8989ed463990363ff288e56d60241e782e720,a081b2a893b717ea345697c27f1edb074f0cb4d50f2e93dbd0604239c1f8c843
2313,dist_Ig,47.489059029983196,29.20923427766521,0.09272865869216848,supported,q8wz42-1-literature-bounded-force-law-SD-04-v2,7badc8e270e73e8bae3d84420448e6c79fee9e41bfdb0ca790484750ef329ef6,5d5f02d1a8699579cc775103c0cba793619aaa57,0b16efc4b581fd91a7b07112f0f8989ed463990363ff288e56d60241e782e720,a081b2a893b717ea345697c27f1edb074f0cb4d50f2e93dbd0604239c1f8c843
2313,post_N2A_unknown,0,0,,supported,q8wz42-1-literature-bounded-force-law-SD-04-v2,7badc8e270e73e8bae3d84420448e6c79fee9e41bfdb0ca790484750ef329ef6,5d5f02d1a8699579cc775103c0cba793619aaa57,0b16efc4b581fd91a7b07112f0f8989ed463990363ff288e56d60241e782e720,a081b2a893b717ea345697c27f1edb074f0cb4d50f2e93dbd0604239c1f8c843
2347,prox_Ig,226.47377514506016,141.92958566558946,0.37588041134418343,supported,q8wz42-1-literature-bounded-force-law-SD-04-v2,7badc8e270e73e8bae3d84420448e6c79fee9e41bfdb0ca790484750ef329ef6,5d5f02d1a8699579cc775103c0cba793619aaa57,0b16efc4b581fd91a7b07112f0f8989ed463990363ff288e56d60241e782e720,a081b2a893b717ea345697c27f1edb074f0cb4d50f2e93dbd0604239c1f8c843
2347,N2A,18.06548411589032,1.844903839294929,0.01997847370466783,supported,q8wz42-1-literature-bounded-force-law-SD-04-v2,7badc8e270e73e8bae3d84420448e6c79fee9e41bfdb0ca790484750ef329ef6,5d5f02d1a8699579cc775103c0cba793619aaa57,0b16efc4b581fd91a7b07112f0f8989ed463990363ff288e56d60241e782e720,a081b2a893b717ea345697c27f1edb074f0cb4d50f2e93dbd0604239c1f8c843
2347,PEVK,54.99343800498245,49.038032513366566,0.5228696746604954,supported,q8wz42-1-literature-bounded-force-law-SD-04-v2,7badc8e270e73e8bae3d84420448e6c79fee9e41bfdb0ca790484750ef329ef6,5d5f02d1a8699579cc775103c0cba793619aaa57,0b16efc4b581fd91a7b07112f0f8989ed463990363ff288e56d60241e782e720,a081b2a893b717ea345697c27f1edb074f0cb4d50f2e93dbd0604239c1f8c843
2347,dist_Ig,48.96730273406706,30.687477981749076,0.08127144029065339,supported,q8wz42-1-literature-bounded-force-law-SD-04-v2,7badc8e270e73e8bae3d84420448e6c79fee9e41bfdb0ca790484750ef329ef6,5d5f02d1a8699579cc775103c0cba793619aaa57,0b16efc4b581fd91a7b07112f0f8989ed463990363ff288e56d60241e782e720,a081b2a893b717ea345697c27f1edb074f0cb4d50f2e93dbd0604239c1f8c843
2347,post_N2A_unknown,0,0,,supported,q8wz42-1-literature-bounded-force-law-SD-04-v2,7badc8e270e73e8bae3d84420448e6c79fee9e41bfdb0ca790484750ef329ef6,5d5f02d1a8699579cc775103c0cba793619aaa57,0b16efc4b581fd91a7b07112f0f8989ed463990363ff288e56d60241e782e720,a081b2a893b717ea345697c27f1edb074f0cb4d50f2e93dbd0604239c1f8c843
2381,prox_Ig,232.43763588390766,147.893446404437,0.3265283458463537,supported,q8wz42-1-literature-bounded-force-law-SD-04-v2,7badc8e270e73e8bae3d84420448e6c79fee9e41bfdb0ca790484750ef329ef6,5d5f02d1a8699579cc775103c0cba793619aaa57,0b16efc4b581fd91a7b07112f0f8989ed463990363ff288e56d60241e782e720,a081b2a893b717ea345697c27f1edb074f0cb4d50f2e93dbd0604239c1f8c843
2381,N2A,18.42534148034674,2.2047612037513495,0.022331242271266663,supported,q8wz42-1-literature-bounded-force-law-SD-04-v2,7badc8e270e73e8bae3d84420448e6c79fee9e41bfdb0ca790484750ef329ef6,5d5f02d1a8699579cc775103c0cba793619aaa57,0b16efc4b581fd91a7b07112f0f8989ed463990363ff288e56d60241e782e720,a081b2a893b717ea345697c27f1edb074f0cb4d50f2e93dbd0604239c1f8c843
2381,PEVK,64.38023649868441,58.424831007068526,0.5805396884560493,supported,q8wz42-1-literature-bounded-force-law-SD-04-v2,7badc8e270e73e8bae3d84420448e6c79fee9e41bfdb0ca790484750ef329ef6,5d5f02d1a8699579cc775103c0cba793619aaa57,0b16efc4b581fd91a7b07112f0f8989ed463990363ff288e56d60241e782e720,a081b2a893b717ea345697c27f1edb074f0cb4d50f2e93dbd0604239c1f8c843
2381,dist_Ig,50.25678613706111,31.976961384743127,0.07060072342633021,supported,q8wz42-1-literature-bounded-force-law-SD-04-v2,7badc8e270e73e8bae3d84420448e6c79fee9e41bfdb0ca790484750ef329ef6,5d5f02d1a8699579cc775103c0cba793619aaa57,0b16efc4b581fd91a7b07112f0f8989ed463990363ff288e56d60241e782e720,a081b2a893b717ea345697c27f1edb074f0cb4d50f2e93dbd0604239c1f8c843
2381,post_N2A_unknown,0,0,,supported,q8wz42-1-literature-bounded-force-law-SD-04-v2,7badc8e270e73e8bae3d84420448e6c79fee9e41bfdb0ca790484750ef329ef6,5d5f02d1a8699579cc775103c0cba793619aaa57,0b16efc4b581fd91a7b07112f0f8989ed463990363ff288e56d60241e782e720,a081b2a893b717ea345697c27f1edb074f0cb4d50f2e93dbd0604239c1f8c843
2416,prox_Ig,237.74694185302997,153.2027523735593,0.2812754569317592,extrapolated,q8wz42-1-literature-bounded-force-law-SD-04-v2,7badc8e270e73e8bae3d84420448e6c79fee9e41bfdb0ca790484750ef329ef6,5d5f02d1a8699579cc775103c0cba793619aaa57,0b16efc4b581fd91a7b07112f0f8989ed463990363ff288e56d60241e782e720,a081b2a893b717ea345697c27f1edb074f0cb4d50f2e93dbd0604239c1f8c843
2416,N2A,18.835950877446862,2.6153706008514703,0.024559032924164816,extrapolated,q8wz42-1-literature-bounded-force-law-SD-04-v2,7badc8e270e73e8bae3d84420448e6c79fee9e41bfdb0ca790484750ef329ef6,5d5f02d1a8699579cc775103c0cba793619aaa57,0b16efc4b581fd91a7b07112f0f8989ed463990363ff288e56d60241e782e720,a081b2a893b717ea345697c27f1edb074f0cb4d50f2e93dbd0604239c1f8c843
2416,PEVK,75.01236308508425,69.05695759346835,0.6333491951317171,extrapolated,q8wz42-1-literature-bounded-force-law-SD-04-v2,7badc8e270e73e8bae3d84420448e6c79fee9e41bfdb0ca790484750ef329ef6,5d5f02d1a8699579cc775103c0cba793619aaa57,0b16efc4b581fd91a7b07112f0f8989ed463990363ff288e56d60241e782e720,a081b2a893b717ea345697c27f1edb074f0cb4d50f2e93dbd0604239c1f8c843
2416,dist_Ig,51.40474418443891,33.124919432120926,0.06081631501235896,extrapolated,q8wz42-1-literature-bounded-force-law-SD-04-v2,7badc8e270e73e8bae3d84420448e6c79fee9e41bfdb0ca790484750ef329ef6,5d5f02d1a8699579cc775103c0cba793619aaa57,0b16efc4b581fd91a7b07112f0f8989ed463990363ff288e56d60241e782e720,a081b2a893b717ea345697c27f1edb074f0cb4d50f2e93dbd0604239c1f8c843
2416,post_N2A_unknown,0,0,,extrapolated,q8wz42-1-literature-bounded-force-law-SD-04-v2,7badc8e270e73e8bae3d84420448e6c79fee9e41bfdb0ca790484750ef329ef6,5d5f02d1a8699579cc775103c0cba793619aaa57,0b16efc4b581fd91a7b07112f0f8989ed463990363ff288e56d60241e782e720,a081b2a893b717ea345697c27f1edb074f0cb4d50f2e93dbd0604239c1f8c843
2450,prox_Ig,242.19784551066408,157.6536560311934,0.24336036351482002,extrapolated,q8wz42-1-literature-bounded-force-law-SD-04-v2,7badc8e270e73e8bae3d84420448e6c79fee9e41bfdb0ca790484750ef329ef6,5d5f02d1a8699579cc775103c0cba793619aaa57,0b16efc4b581fd91a7b07112f0f8989ed463990363ff288e56d60241e782e720,a081b2a893b717ea345697c27f1edb074f0cb4d50f2e93dbd0604239c1f8c843
2450,N2A,19.270318138379537,3.049737861784145,0.026507285608883123,extrapolated,q8wz42-1-literature-bounded-force-law-SD-04-v2,7badc8e270e73e8bae3d84420448e6c79fee9e41bfdb0ca790484750ef329ef6,5d5f02d1a8699579cc775103c0cba793619aaa57,0b16efc4b581fd91a7b07112f0f8989ed463990363ff288e56d60241e782e720,a081b2a893b717ea345697c27f1edb074f0cb4d50f2e93dbd0604239c1f8c843
2450,PEVK,86.16473461892083,80.20932912730495,0.6775138939001687,extrapolated,q8wz42-1-literature-bounded-force-law-SD-04-v2,7badc8e270e73e8bae3d84420448e6c79fee9e41bfdb0ca790484750ef329ef6,5d5f02d1a8699579cc775103c0cba793619aaa57,0b16efc4b581fd91a7b07112f0f8989ed463990363ff288e56d60241e782e720,a081b2a893b717ea345697c27f1edb074f0cb4d50f2e93dbd0604239c1f8c843
2450,dist_Ig,52.36710173203548,34.087276979717494,0.05261845697612824,extrapolated,q8wz42-1-literature-bounded-force-law-SD-04-v2,7badc8e270e73e8bae3d84420448e6c79fee9e41bfdb0ca790484750ef329ef6,5d5f02d1a8699579cc775103c0cba793619aaa57,0b16efc4b581fd91a7b07112f0f8989ed463990363ff288e56d60241e782e720,a081b2a893b717ea345697c27f1edb074f0cb4d50f2e93dbd0604239c1f8c843
2450,post_N2A_unknown,0,0,,extrapolated,q8wz42-1-literature-bounded-force-law-SD-04-v2,7badc8e270e73e8bae3d84420448e6c79fee9e41bfdb0ca790484750ef329ef6,5d5f02d1a8699579cc775103c0cba793619aaa57,0b16efc4b581fd91a7b07112f0f8989ed463990363ff288e56d60241e782e720,a081b2a893b717ea345697c27f1edb074f0cb4d50f2e93dbd0604239c1f8c843
2484,prox_Ig,246.05427398573877,161.51008450626807,0.21126888879602018,extrapolated,q8wz42-1-literature-bounded-force-law-SD-04-v2,7badc8e270e73e8bae3d84420448e6c79fee9e41bfdb0ca790484750ef329ef6,5d5f02d1a8699579cc775103c0cba793619aaa57,0b16efc4b581fd91a7b07112f0f8989ed463990363ff288e56d60241e782e720,a081b2a893b717ea345697c27f1edb074f0cb4d50f2e93dbd0604239c1f8c843
2484,N2A,19.73602621150027,3.5154459349048786,0.02824925682501325,extrapolated,q8wz42-1-literature-bounded-force-law-SD-04-v2,7badc8e270e73e8bae3d84420448e6c79fee9e41bfdb0ca790484750ef329ef6,5d5f02d1a8699579cc775103c0cba793619aaa57,0b16efc4b581fd91a7b07112f0f8989ed463990363ff288e56d60241e782e720,a081b2a893b717ea345697c27f1edb074f0cb4d50f2e93dbd0604239c1f8c843
2484,PEVK,98.00877569773648,92.0533702061206,0.7148020946391789,extrapolated,q8wz42-1-literature-bounded-force-law-SD-04-v2,7badc8e270e73e8bae3d84420448e6c79fee9e41bfdb0ca790484750ef329ef6,5d5f02d1a8699579cc775103c0cba793619aaa57,0b16efc4b581fd91a7b07112f0f8989ed463990363ff288e56d60241e782e720,a081b2a893b717ea345697c27f1edb074f0cb4d50f2e93dbd0604239c1f8c843
2484,dist_Ig,53.2009241050246,34.92109935270661,0.045679759739787724,extrapolated,q8wz42-1-literature-bounded-force-law-SD-04-v2,7badc8e270e73e8bae3d84420448e6c79fee9e41bfdb0ca790484750ef329ef6,5d5f02d1a8699579cc775103c0cba793619aaa57,0b16efc4b581fd91a7b07112f0f8989ed463990363ff288e56d60241e782e720,a081b2a893b717ea345697c27f1edb074f0cb4d50f2e93dbd0604239c1f8c843
2484,post_N2A_unknown,0,0,,extrapolated,q8wz42-1-literature-bounded-force-law-SD-04-v2,7badc8e270e73e8bae3d84420448e6c79fee9e41bfdb0ca790484750ef329ef6,5d5f02d1a8699579cc775103c0cba793619aaa57,0b16efc4b581fd91a7b07112f0f8989ed463990363ff288e56d60241e782e720,a081b2a893b717ea345697c27f1edb074f0cb4d50f2e93dbd0604239c1f8c843
2519,prox_Ig,249.50283900247797,164.9586495230073,,not_evaluated,q8wz42-1-literature-bounded-force-law-SD-04-v2,7badc8e270e73e8bae3d84420448e6c79fee9e41bfdb0ca790484750ef329ef6,5d5f02d1a8699579cc775103c0cba793619aaa57,0b16efc4b581fd91a7b07112f0f8989ed463990363ff288e56d60241e782e720,a081b2a893b717ea345697c27f1edb074f0cb4d50f2e93dbd0604239c1f8c843
2519,N2A,20.244682083720143,4.024101807124751,,not_evaluated,q8wz42-1-literature-bounded-force-law-SD-04-v2,7badc8e270e73e8bae3d84420448e6c79fee9e41bfdb0ca790484750ef329ef6,5d5f02d1a8699579cc775103c0cba793619aaa57,0b16efc4b581fd91a7b07112f0f8989ed463990363ff288e56d60241e782e720,a081b2a893b717ea345697c27f1edb074f0cb4d50f2e93dbd0604239c1f8c843
2519,PEVK,110.80591912948229,104.85051363786641,,not_evaluated,q8wz42-1-literature-bounded-force-law-SD-04-v2,7badc8e270e73e8bae3d84420448e6c79fee9e41bfdb0ca790484750ef329ef6,5d5f02d1a8699579cc775103c0cba793619aaa57,0b16efc4b581fd91a7b07112f0f8989ed463990363ff288e56d60241e782e720,a081b2a893b717ea345697c27f1edb074f0cb4d50f2e93dbd0604239c1f8c843
2519,dist_Ig,53.94655978431956,35.666735032001576,,not_evaluated,q8wz42-1-literature-bounded-force-law-SD-04-v2,7badc8e270e73e8bae3d84420448e6c79fee9e41bfdb0ca790484750ef329ef6,5d5f02d1a8699579cc775103c0cba793619aaa57,0b16efc4b581fd91a7b07112f0f8989ed463990363ff288e56d60241e782e720,a081b2a893b717ea345697c27f1edb074f0cb4d50f2e93dbd0604239c1f8c843
2519,post_N2A_unknown,0,0,,not_evaluated,q8wz42-1-literature-bounded-force-law-SD-04-v2,7badc8e270e73e8bae3d84420448e6c79fee9e41bfdb0ca790484750ef329ef6,5d5f02d1a8699579cc775103c0cba793619aaa57,0b16efc4b581fd91a7b07112f0f8989ed463990363ff288e56d60241e782e720,a081b2a893b717ea345697c27f1edb074f0cb4d50f2e93dbd0604239c1f8c843
2553,prox_Ig,252.43154976006755,167.88736028059685,,not_evaluated,q8wz42-1-literature-bounded-force-law-SD-04-v2,7badc8e270e73e8bae3d84420448e6c79fee9e41bfdb0ca790484750ef329ef6,5d5f02d1a8699579cc775103c0cba793619aaa57,0b16efc4b581fd91a7b07112f0f8989ed463990363ff288e56d60241e782e720,a081b2a893b717ea345697c27f1edb074f0cb4d50f2e93dbd0604239c1f8c843
2553,N2A,20.76435623339086,4.543775956795468,,not_evaluated,q8wz42-1-literature-bounded-force-law-SD-04-v2,7badc8e270e73e8bae3d84420448e6c79fee9e41bfdb0ca790484750ef329ef6,5d5f02d1a8699579cc775103c0cba793619aaa57,0b16efc4b581fd91a7b07112f0f8989ed463990363ff288e56d60241e782e720,a081b2a893b717ea345697c27f1edb074f0cb4d50f2e93dbd0604239c1f8c843
2553,PEVK,123.72429946382427,117.76889397220839,,not_evaluated,q8wz42-1-literature-bounded-force-law-SD-04-v2,7badc8e270e73e8bae3d84420448e6c79fee9e41bfdb0ca790484750ef329ef6,5d5f02d1a8699579cc775103c0cba793619aaa57,0b16efc4b581fd91a7b07112f0f8989ed463990363ff288e56d60241e782e720,a081b2a893b717ea345697c27f1edb074f0cb4d50f2e93dbd0604239c1f8c843
2553,dist_Ig,54.57979454271731,36.299969790399324,,not_evaluated,q8wz42-1-literature-bounded-force-law-SD-04-v2,7badc8e270e73e8bae3d84420448e6c79fee9e41bfdb0ca790484750ef329ef6,5d5f02d1a8699579cc775103c0cba793619aaa57,0b16efc4b581fd91a7b07112f0f8989ed463990363ff288e56d60241e782e720,a081b2a893b717ea345697c27f1edb074f0cb4d50f2e93dbd0604239c1f8c843
2553,post_N2A_unknown,0,0,,not_evaluated,q8wz42-1-literature-bounded-force-law-SD-04-v2,7badc8e270e73e8bae3d84420448e6c79fee9e41bfdb0ca790484750ef329ef6,5d5f02d1a8699579cc775103c0cba793619aaa57,0b16efc4b581fd91a7b07112f0f8989ed463990363ff288e56d60241e782e720,a081b2a893b717ea345697c27f1edb074f0cb4d50f2e93dbd0604239c1f8c843
2588,prox_Ig,255.08739387916154,170.54320439969086,,not_evaluated,q8wz42-1-literature-bounded-force-law-SD-04-v2,7badc8e270e73e8bae3d84420448e6c79fee9e41bfdb0ca790484750ef329ef6,5d5f02d1a8699579cc775103c0cba793619aaa57,0b16efc4b581fd91a7b07112f0f8989ed463990363ff288e56d60241e782e720,a081b2a893b717ea345697c27f1edb074f0cb4d50f2e93dbd0604239c1f8c843
2588,N2A,21.323253425774375,5.102673149178983,,not_evaluated,q8wz42-1-literature-bounded-force-law-SD-04-v2,7badc8e270e73e8bae3d84420448e6c79fee9e41bfdb0ca790484750ef329ef6,5d5f02d1a8699579cc775103c0cba793619aaa57,0b16efc4b581fd91a7b07112f0f8989ed463990363ff288e56d60241e782e720,a081b2a893b717ea345697c27f1edb074f0cb4d50f2e93dbd0604239c1f8c843
2588,PEVK,137.4353215860562,131.4799160944403,,not_evaluated,q8wz42-1-literature-bounded-force-law-SD-04-v2,7badc8e270e73e8bae3d84420448e6c79fee9e41bfdb0ca790484750ef329ef6,5d5f02d1a8699579cc775103c0cba793619aaa57,0b16efc4b581fd91a7b07112f0f8989ed463990363ff288e56d60241e782e720,a081b2a893b717ea345697c27f1edb074f0cb4d50f2e93dbd0604239c1f8c843
2588,dist_Ig,55.1540311090079,36.87420635668992,,not_evaluated,q8wz42-1-literature-bounded-force-law-SD-04-v2,7badc8e270e73e8bae3d84420448e6c79fee9e41bfdb0ca790484750ef329ef6,5d5f02d1a8699579cc775103c0cba793619aaa57,0b16efc4b581fd91a7b07112f0f8989ed463990363ff288e56d60241e782e720,a081b2a893b717ea345697c27f1edb074f0cb4d50f2e93dbd0604239c1f8c843
2588,post_N2A_unknown,0,0,,not_evaluated,q8wz42-1-literature-bounded-force-law-SD-04-v2,7badc8e270e73e8bae3d84420448e6c79fee9e41bfdb0ca790484750ef329ef6,5d5f02d1a8699579cc775103c0cba793619aaa57,0b16efc4b581fd91a7b07112f0f8989ed463990363ff288e56d60241e782e720,a081b2a893b717ea345697c27f1edb074f0cb4d50f2e93dbd0604239c1f8c843
2622,prox_Ig,257.3780208055588,172.8338313260881,,not_evaluated,q8wz42-1-literature-bounded-force-law-SD-04-v2,7badc8e270e73e8bae3d84420448e6c79fee9e41bfdb0ca790484750ef329ef6,5d5f02d1a8699579cc775103c0cba793619aaa57,0b16efc4b581fd91a7b07112f0f8989ed463990363ff288e56d60241e782e720,a081b2a893b717ea345697c27f1edb074f0cb4d50f2e93dbd0604239c1f8c843
2622,N2A,21.8877205612,5.667140284604606,,not_evaluated,q8wz42-1-literature-bounded-force-law-SD-04-v2,7badc8e270e73e8bae3d84420448e6c79fee9e41bfdb0ca790484750ef329ef6,5d5f02d1a8699579cc775103c0cba793619aaa57,0b16efc4b581fd91a7b07112f0f8989ed463990363ff288e56d60241e782e720,a081b2a893b717ea345697c27f1edb074f0cb4d50f2e93dbd0604239c1f8c843
2622,PEVK,151.0849568374446,145.1295513458287,,not_evaluated,q8wz42-1-literature-bounded-force-law-SD-04-v2,7badc8e270e73e8bae3d84420448e6c79fee9e41bfdb0ca790484750ef329ef6,5d5f02d1a8699579cc775103c0cba793619aaa57,0b16efc4b581fd91a7b07112f0f8989ed463990363ff288e56d60241e782e720,a081b2a893b717ea345697c27f1edb074f0cb4d50f2e93dbd0604239c1f8c843
2622,dist_Ig,55.64930179579649,37.369477043478504,,not_evaluated,q8wz42-1-literature-bounded-force-law-SD-04-v2,7badc8e270e73e8bae3d84420448e6c79fee9e41bfdb0ca790484750ef329ef6,5d5f02d1a8699579cc775103c0cba793619aaa57,0b16efc4b581fd91a7b07112f0f8989ed463990363ff288e56d60241e782e720,a081b2a893b717ea345697c27f1edb074f0cb4d50f2e93dbd0604239c1f8c843
2622,post_N2A_unknown,0,0,,not_evaluated,q8wz42-1-literature-bounded-force-law-SD-04-v2,7badc8e270e73e8bae3d84420448e6c79fee9e41bfdb0ca790484750ef329ef6,5d5f02d1a8699579cc775103c0cba793619aaa57,0b16efc4b581fd91a7b07112f0f8989ed463990363ff288e56d60241e782e720,a081b2a893b717ea345697c27f1edb074f0cb4d50f2e93dbd0604239c1f8c843
2656,prox_Ig,259.43142992018744,174.88724044071677,,not_evaluated,q8wz42-1-literature-bounded-force-law-SD-04-v2,7badc8e270e73e8bae3d84420448e6c79fee9e41bfdb0ca790484750ef329ef6,5d5f02d1a8699579cc775103c0cba793619aaa57,0b16efc4b581fd91a7b07112f0f8989ed463990363ff288e56d60241e782e720,a081b2a893b717ea345697c27f1edb074f0cb4d50f2e93dbd0604239c1f8c843
2656,N2A,22.47219925544678,6.25161897885139,,not_evaluated,q8wz42-1-literature-bounded-force-law-SD-04-v2,7badc8e270e73e8bae3d84420448e6c79fee9e41bfdb0ca790484750ef329ef6,5d5f02d1a8699579cc775103c0cba793619aaa57,0b16efc4b581fd91a7b07112f0f8989ed463990363ff288e56d60241e782e720,a081b2a893b717ea345697c27f1edb074f0cb4d50f2e93dbd0604239c1f8c843
2656,PEVK,165.00308867946038,159.04768318784448,,not_evaluated,q8wz42-1-literature-bounded-force-law-SD-04-v2,7badc8e270e73e8bae3d84420448e6c79fee9e41bfdb0ca790484750ef329ef6,5d5f02d1a8699579cc775103c0cba793619aaa57,0b16efc4b581fd91a7b07112f0f8989ed463990363ff288e56d60241e782e720,a081b2a893b717ea345697c27f1edb074f0cb4d50f2e93dbd0604239c1f8c843
2656,dist_Ig,56.09328214490539,37.8134573925874,,not_evaluated,q8wz42-1-literature-bounded-force-law-SD-04-v2,7badc8e270e73e8bae3d84420448e6c79fee9e41bfdb0ca790484750ef329ef6,5d5f02d1a8699579cc775103c0cba793619aaa57,0b16efc4b581fd91a7b07112f0f8989ed463990363ff288e56d60241e782e720,a081b2a893b717ea345697c27f1edb074f0cb4d50f2e93dbd0604239c1f8c843
2656,post_N2A_unknown,0,0,,not_evaluated,q8wz42-1-literature-bounded-force-law-SD-04-v2,7badc8e270e73e8bae3d84420448e6c79fee9e41bfdb0ca790484750ef329ef6,5d5f02d1a8699579cc775103c0cba793619aaa57,0b16efc4b581fd91a7b07112f0f8989ed463990363ff288e56d60241e782e720,a081b2a893b717ea345697c27f1edb074f0cb4d50f2e93dbd0604239c1f8c843
2691,prox_Ig,261.33818476110537,176.7939952816347,,not_evaluated,q8wz42-1-literature-bounded-force-law-SD-04-v2,7badc8e270e73e8bae3d84420448e6c79fee9e41bfdb0ca790484750ef329ef6,5d5f02d1a8699579cc775103c0cba793619aaa57,0b16efc4b581fd91a7b07112f0f8989ed463990363ff288e56d60241e782e720,a081b2a893b717ea345697c27f1edb074f0cb4d50f2e93dbd0604239c1f8c843
2691,N2A,23.093917406338296,6.873337129742904,,not_evaluated,q8wz42-1-literature-bounded-force-law-SD-04-v2,7badc8e270e73e8bae3d84420448e6c79fee9e41bfdb0ca790484750ef329ef6,5d5f02d1a8699579cc775103c0cba793619aaa57,0b16efc4b581fd91a7b07112f0f8989ed463990363ff288e56d60241e782e720,a081b2a893b717ea345697c27f1edb074f0cb4d50f2e93dbd0604239c1f8c843
2691,PEVK,179.56234437069568,173.6069388790798,,not_evaluated,q8wz42-1-literature-bounded-force-law-SD-04-v2,7badc8e270e73e8bae3d84420448e6c79fee9e41bfdb0ca790484750ef329ef6,5d5f02d1a8699579cc775103c0cba793619aaa57,0b16efc4b581fd91a7b07112f0f8989ed463990363ff288e56d60241e782e720,a081b2a893b717ea345697c27f1edb074f0cb4d50f2e93dbd0604239c1f8c843
2691,dist_Ig,56.505553461860615,38.22572870954263,,not_evaluated,q8wz42-1-literature-bounded-force-law-SD-04-v2,7badc8e270e73e8bae3d84420448e6c79fee9e41bfdb0ca790484750ef329ef6,5d5f02d1a8699579cc775103c0cba793619aaa57,0b16efc4b581fd91a7b07112f0f8989ed463990363ff288e56d60241e782e720,a081b2a893b717ea345697c27f1edb074f0cb4d50f2e93dbd0604239c1f8c843
2691,post_N2A_unknown,0,0,,not_evaluated,q8wz42-1-literature-bounded-force-law-SD-04-v2,7badc8e270e73e8bae3d84420448e6c79fee9e41bfdb0ca790484750ef329ef6,5d5f02d1a8699579cc775103c0cba793619aaa57,0b16efc4b581fd91a7b07112f0f8989ed463990363ff288e56d60241e782e720,a081b2a893b717ea345697c27f1edb074f0cb4d50f2e93dbd0604239c1f8c843
2725,prox_Ig,263.0215799010694,178.47739042159873,,not_evaluated,q8wz42-1-literature-bounded-force-law-SD-04-v2,7badc8e270e73e8bae3d84420448e6c79fee9e41bfdb0ca790484750ef329ef6,5d5f02d1a8699579cc775103c0cba793619aaa57,0b16efc4b581fd91a7b07112f0f8989ed463990363ff288e56d60241e782e720,a081b2a893b717ea345697c27f1edb074f0cb4d50f2e93dbd0604239c1f8c843
2725,N2A,23.716835249728817,7.496254973133425,,not_evaluated,q8wz42-1-literature-bounded-force-law-SD-04-v2,7badc8e270e73e8bae3d84420448e6c79fee9e41bfdb0ca790484750ef329ef6,5d5f02d1a8699579cc775103c0cba793619aaa57,0b16efc4b581fd91a7b07112f0f8989ed463990363ff288e56d60241e782e720,a081b2a893b717ea345697c27f1edb074f0cb4d50f2e93dbd0604239c1f8c843
2725,PEVK,193.89205405978137,187.93664856816548,,not_evaluated,q8wz42-1-literature-bounded-force-law-SD-04-v2,7badc8e270e73e8bae3d84420448e6c79fee9e41bfdb0ca790484750ef329ef6,5d5f02d1a8699579cc775103c0cba793619aaa57,0b16efc4b581fd91a7b07112f0f8989ed463990363ff288e56d60241e782e720,a081b2a893b717ea345697c27f1edb074f0cb4d50f2e93dbd0604239c1f8c843
2725,dist_Ig,56.86953078942041,38.589706037102424,,not_evaluated,q8wz42-1-literature-bounded-force-law-SD-04-v2,7badc8e270e73e8bae3d84420448e6c79fee9e41bfdb0ca790484750ef329ef6,5d5f02d1a8699579cc775103c0cba793619aaa57,0b16efc4b581fd91a7b07112f0f8989ed463990363ff288e56d60241e782e720,a081b2a893b717ea345697c27f1edb074f0cb4d50f2e93dbd0604239c1f8c843
2725,post_N2A_unknown,0,0,,not_evaluated,q8wz42-1-literature-bounded-force-law-SD-04-v2,7badc8e270e73e8bae3d84420448e6c79fee9e41bfdb0ca790484750ef329ef6,5d5f02d1a8699579cc775103c0cba793619aaa57,0b16efc4b581fd91a7b07112f0f8989ed463990363ff288e56d60241e782e720,a081b2a893b717ea345697c27f1edb074f0cb4d50f2e93dbd0604239c1f8c843
2759,prox_Ig,264.5645116179953,180.02032213852465,,not_evaluated,q8wz42-1-literature-bounded-force-law-SD-04-v2,7badc8e270e73e8bae3d84420448e6c79fee9e41bfdb0ca790484750ef329ef6,5d5f02d1a8699579cc775103c0cba793619aaa57,0b16efc4b581fd91a7b07112f0f8989ed463990363ff288e56d60241e782e720,a081b2a893b717ea345697c27f1edb074f0cb4d50f2e93dbd0604239c1f8c843
2759,N2A,24.358171113318217,8.137590836722826,,not_evaluated,q8wz42-1-literature-bounded-force-law-SD-04-v2,7badc8e270e73e8bae3d84420448e6c79fee9e41bfdb0ca790484750ef329ef6,5d5f02d1a8699579cc775103c0cba793619aaa57,0b16efc4b581fd91a7b07112f0f8989ed463990363ff288e56d60241e782e720,a081b2a893b717ea345697c27f1edb074f0cb4d50f2e93dbd0604239c1f8c843
2759,PEVK,208.37417962155223,202.41877412993634,,not_evaluated,q8wz42-1-literature-bounded-force-law-SD-04-v2,7badc8e270e73e8bae3d84420448e6c79fee9e41bfdb0ca790484750ef329ef6,5d5f02d1a8699579cc775103c0cba793619aaa57,0b16efc4b581fd91a7b07112f0f8989ed463990363ff288e56d60241e782e720,a081b2a893b717ea345697c27f1edb074f0cb4d50f2e93dbd0604239c1f8c843
2759,dist_Ig,57.20313764713413,38.92331289481614,,not_evaluated,q8wz42-1-literature-bounded-force-law-SD-04-v2,7badc8e270e73e8bae3d84420448e6c79fee9e41bfdb0ca790484750ef329ef6,5d5f02d1a8699579cc775103c0cba793619aaa57,0b16efc4b581fd91a7b07112f0f8989ed463990363ff288e56d60241e782e720,a081b2a893b717ea345697c27f1edb074f0cb4d50f2e93dbd0604239c1f8c843
2759,post_N2A_unknown,0,0,,not_evaluated,q8wz42-1-literature-bounded-force-law-SD-04-v2,7badc8e270e73e8bae3d84420448e6c79fee9e41bfdb0ca790484750ef329ef6,5d5f02d1a8699579cc775103c0cba793619aaa57,0b16efc4b581fd91a7b07112f0f8989ed463990363ff288e56d60241e782e720,a081b2a893b717ea345697c27f1edb074f0cb4d50f2e93dbd0604239c1f8c843
2794,prox_Ig,266.0283261561186,181.48413667664795,,not_evaluated,q8wz42-1-literature-bounded-force-law-SD-04-v2,7badc8e270e73e8bae3d84420448e6c79fee9e41bfdb0ca790484750ef329ef6,5d5f02d1a8699579cc775103c0cba793619aaa57,0b16efc4b581fd91a7b07112f0f8989ed463990363ff288e56d60241e782e720,a081b2a893b717ea345697c27f1edb074f0cb4d50f2e93dbd0604239c1f8c843
2794,N2A,25.037497280120824,8.816917003525433,,not_evaluated,q8wz42-1-literature-bounded-force-law-SD-04-v2,7badc8e270e73e8bae3d84420448e6c79fee9e41bfdb0ca790484750ef329ef6,5d5f02d1a8699579cc775103c0cba793619aaa57,0b16efc4b581fd91a7b07112f0f8989ed463990363ff288e56d60241e782e720,a081b2a893b717ea345697c27f1edb074f0cb4d50f2e93dbd0604239c1f8c843
2794,PEVK,223.41453847595105,217.45913298433516,,not_evaluated,q8wz42-1-literature-bounded-force-law-SD-04-v2,7badc8e270e73e8bae3d84420448e6c79fee9e41bfdb0ca790484750ef329ef6,5d5f02d1a8699579cc775103c0cba793619aaa57,0b16efc4b581fd91a7b07112f0f8989ed463990363ff288e56d60241e782e720,a081b2a893b717ea345697c27f1edb074f0cb4d50f2e93dbd0604239c1f8c843
2794,dist_Ig,57.519638087809426,39.23981333549144,,not_evaluated,q8wz42-1-literature-bounded-force-law-SD-04-v2,7badc8e270e73e8bae3d84420448e6c79fee9e41bfdb0ca790484750ef329ef6,5d5f02d1a8699579cc775103c0cba793619aaa57,0b16efc4b581fd91a7b07112f0f8989ed463990363ff288e56d60241e782e720,a081b2a893b717ea345697c27f1edb074f0cb4d50f2e93dbd0604239c1f8c843
2794,post_N2A_unknown,0,0,,not_evaluated,q8wz42-1-literature-bounded-force-law-SD-04-v2,7badc8e270e73e8bae3d84420448e6c79fee9e41bfdb0ca790484750ef329ef6,5d5f02d1a8699579cc775103c0cba793619aaa57,0b16efc4b581fd91a7b07112f0f8989ed463990363ff288e56d60241e782e720,a081b2a893b717ea345697c27f1edb074f0cb4d50f2e93dbd0604239c1f8c843
2828,prox_Ig,267.34717322376576,182.8029837442951,,not_evaluated,q8wz42-1-literature-bounded-force-law-SD-04-v2,7badc8e270e73e8bae3d84420448e6c79fee9e41bfdb0ca790484750ef329ef6,5d5f02d1a8699579cc775103c0cba793619aaa57,0b16efc4b581fd91a7b07112f0f8989ed463990363ff288e56d60241e782e720,a081b2a893b717ea345697c27f1edb074f0cb4d50f2e93dbd0604239c1f8c843
2828,N2A,25.715981318230163,9.495401041634771,,not_evaluated,q8wz42-1-literature-bounded-force-law-SD-04-v2,7badc8e270e73e8bae3d84420448e6c79fee9e41bfdb0ca790484750ef329ef6,5d5f02d1a8699579cc775103c0cba793619aaa57,0b16efc4b581fd91a7b07112f0f8989ed463990363ff288e56d60241e782e720,a081b2a893b717ea345697c27f1edb074f0cb4d50f2e93dbd0604239c1f8c843
2828,PEVK,238.13205124746008,232.1766457558442,,not_evaluated,q8wz42-1-literature-bounded-force-law-SD-04-v2,7badc8e270e73e8bae3d84420448e6c79fee9e41bfdb0ca790484750ef329ef6,5d5f02d1a8699579cc775103c0cba793619aaa57,0b16efc4b581fd91a7b07112f0f8989ed463990363ff288e56d60241e782e720,a081b2a893b717ea345697c27f1edb074f0cb4d50f2e93dbd0604239c1f8c843
2828,dist_Ig,57.804794210543946,39.52496945822596,,not_evaluated,q8wz42-1-literature-bounded-force-law-SD-04-v2,7badc8e270e73e8bae3d84420448e6c79fee9e41bfdb0ca790484750ef329ef6,5d5f02d1a8699579cc775103c0cba793619aaa57,0b16efc4b581fd91a7b07112f0f8989ed463990363ff288e56d60241e782e720,a081b2a893b717ea345697c27f1edb074f0cb4d50f2e93dbd0604239c1f8c843
2828,post_N2A_unknown,0,0,,not_evaluated,q8wz42-1-literature-bounded-force-law-SD-04-v2,7badc8e270e73e8bae3d84420448e6c79fee9e41bfdb0ca790484750ef329ef6,5d5f02d1a8699579cc775103c0cba793619aaa57,0b16efc4b581fd91a7b07112f0f8989ed463990363ff288e56d60241e782e720,a081b2a893b717ea345697c27f1edb074f0cb4d50f2e93dbd0604239c1f8c843
2863,prox_Ig,268.61393135747284,184.06974187800216,,not_evaluated,q8wz42-1-literature-bounded-force-law-SD-04-v2,7badc8e270e73e8bae3d84420448e6c79fee9e41bfdb0ca790484750ef329ef6,5d5f02d1a8699579cc775103c0cba793619aaa57,0b16efc4b581fd91a7b07112f0f8989ed463990363ff288e56d60241e782e720,a081b2a893b717ea345697c27f1edb074f0cb4d50f2e93dbd0604239c1f8c843
2863,N2A,26.433544105456505,10.212963828861113,,not_evaluated,q8wz42-1-literature-bounded-force-law-SD-04-v2,7badc8e270e73e8bae3d84420448e6c79fee9e41bfdb0ca790484750ef329ef6,5d5f02d1a8699579cc775103c0cba793619aaa57,0b16efc4b581fd91a7b07112f0f8989ed463990363ff288e56d60241e782e720,a081b2a893b717ea345697c27f1edb074f0cb4d50f2e93dbd0604239c1f8c843
2863,PEVK,253.37383667599542,247.41843118437953,,not_evaluated,q8wz42-1-literature-bounded-force-law-SD-04-v2,7badc8e270e73e8bae3d84420448e6c79fee9e41bfdb0ca790484750ef329ef6,5d5f02d1a8699579cc775103c0cba793619aaa57,0b16efc4b581fd91a7b07112f0f8989ed463990363ff288e56d60241e782e720,a081b2a893b717ea345697c27f1edb074f0cb4d50f2e93dbd0604239c1f8c843
2863,dist_Ig,58.07868786107521,39.798863108757224,,not_evaluated,q8wz42-1-literature-bounded-force-law-SD-04-v2,7badc8e270e73e8bae3d84420448e6c79fee9e41bfdb0ca790484750ef329ef6,5d5f02d1a8699579cc775103c0cba793619aaa57,0b16efc4b581fd91a7b07112f0f8989ed463990363ff288e56d60241e782e720,a081b2a893b717ea345697c27f1edb074f0cb4d50f2e93dbd0604239c1f8c843
2863,post_N2A_unknown,0,0,,not_evaluated,q8wz42-1-literature-bounded-force-law-SD-04-v2,7badc8e270e73e8bae3d84420448e6c79fee9e41bfdb0ca790484750ef329ef6,5d5f02d1a8699579cc775103c0cba793619aaa57,0b16efc4b581fd91a7b07112f0f8989ed463990363ff288e56d60241e782e720,a081b2a893b717ea345697c27f1edb074f0cb4d50f2e93dbd0604239c1f8c843
2897,prox_Ig,269.76843820138265,185.22424872191198,,not_evaluated,q8wz42-1-literature-bounded-force-law-SD-04-v2,7badc8e270e73e8bae3d84420448e6c79fee9e41bfdb0ca790484750ef329ef6,5d5f02d1a8699579cc775103c0cba793619aaa57,0b16efc4b581fd91a7b07112f0f8989ed463990363ff288e56d60241e782e720,a081b2a893b717ea345697c27f1edb074f0cb4d50f2e93dbd0604239c1f8c843
2897,N2A,27.149141732616826,10.928561456021434,,not_evaluated,q8wz42-1-literature-bounded-force-law-SD-04-v2,7badc8e270e73e8bae3d84420448e6c79fee9e41bfdb0ca790484750ef329ef6,5d5f02d1a8699579cc775103c0cba793619aaa57,0b16efc4b581fd91a7b07112f0f8989ed463990363ff288e56d60241e782e720,a081b2a893b717ea345697c27f1edb074f0cb4d50f2e93dbd0604239c1f8c843
2897,PEVK,268.2541091035393,262.29870361192343,,not_evaluated,q8wz42-1-literature-bounded-force-law-SD-04-v2,7badc8e270e73e8bae3d84420448e6c79fee9e41bfdb0ca790484750ef329ef6,5d5f02d1a8699579cc775103c0cba793619aaa57,0b16efc4b581fd91a7b07112f0f8989ed463990363ff288e56d60241e782e720,a081b2a893b717ea345697c27f1edb074f0cb4d50f2e93dbd0604239c1f8c843
2897,dist_Ig,58.32831096246112,40.04848621014313,,not_evaluated,q8wz42-1-literature-bounded-force-law-SD-04-v2,7badc8e270e73e8bae3d84420448e6c79fee9e41bfdb0ca790484750ef329ef6,5d5f02d1a8699579cc775103c0cba793619aaa57,0b16efc4b581fd91a7b07112f0f8989ed463990363ff288e56d60241e782e720,a081b2a893b717ea345697c27f1edb074f0cb4d50f2e93dbd0604239c1f8c843
2897,post_N2A_unknown,0,0,,not_evaluated,q8wz42-1-literature-bounded-force-law-SD-04-v2,7badc8e270e73e8bae3d84420448e6c79fee9e41bfdb0ca790484750ef329ef6,5d5f02d1a8699579cc775103c0cba793619aaa57,0b16efc4b581fd91a7b07112f0f8989ed463990363ff288e56d60241e782e720,a081b2a893b717ea345697c27f1edb074f0cb4d50f2e93dbd0604239c1f8c843
2931,prox_Ig,270.85803763618185,186.31384815671117,,not_evaluated,q8wz42-1-literature-bounded-force-law-SD-04-v2,7badc8e270e73e8bae3d84420448e6c79fee9e41bfdb0ca790484750ef329ef6,5d5f02d1a8699579cc775103c0cba793619aaa57,0b16efc4b581fd91a7b07112f0f8989ed463990363ff288e56d60241e782e720,a081b2a893b717ea345697c27f1edb074f0cb4d50f2e93dbd0604239c1f8c843
2931,N2A,27.882843076306656,11.662262799711264,,not_evaluated,q8wz42-1-literature-bounded-force-law-SD-04-v2,7badc8e270e73e8bae3d84420448e6c79fee9e41bfdb0ca790484750ef329ef6,5d5f02d1a8699579cc775103c0cba793619aaa57,0b16efc4b581fd91a7b07112f0f8989ed463990363ff288e56d60241e782e720,a081b2a893b717ea345697c27f1edb074f0cb4d50f2e93dbd0604239c1f8c843
2931,PEVK,283.1952192580667,277.2398137664508,,not_evaluated,q8wz42-1-literature-bounded-force-law-SD-04-v2,7badc8e270e73e8bae3d84420448e6c79fee9e41bfdb0ca790484750ef329ef6,5d5f02d1a8699579cc775103c0cba793619aaa57,0b16efc4b581fd91a7b07112f0f8989ed463990363ff288e56d60241e782e720,a081b2a893b717ea345697c27f1edb074f0cb4d50f2e93dbd0604239c1f8c843
2931,dist_Ig,58.563900029444724,40.28407527712674,,not_evaluated,q8wz42-1-literature-bounded-force-law-SD-04-v2,7badc8e270e73e8bae3d84420448e6c79fee9e41bfdb0ca790484750ef329ef6,5d5f02d1a8699579cc775103c0cba793619aaa57,0b16efc4b581fd91a7b07112f0f8989ed463990363ff288e56d60241e782e720,a081b2a893b717ea345697c27f1edb074f0cb4d50f2e93dbd0604239c1f8c843
2931,post_N2A_unknown,0,0,,not_evaluated,q8wz42-1-literature-bounded-force-law-SD-04-v2,7badc8e270e73e8bae3d84420448e6c79fee9e41bfdb0ca790484750ef329ef6,5d5f02d1a8699579cc775103c0cba793619aaa57,0b16efc4b581fd91a7b07112f0f8989ed463990363ff288e56d60241e782e720,a081b2a893b717ea345697c27f1edb074f0cb4d50f2e93dbd0604239c1f8c843
2966,prox_Ig,271.9206407142805,187.37645123480985,,not_evaluated,q8wz42-1-literature-bounded-force-law-SD-04-v2,7badc8e270e73e8bae3d84420448e6c79fee9e41bfdb0ca790484750ef329ef6,5d5f02d1a8699579cc775103c0cba793619aaa57,0b16efc4b581fd91a7b07112f0f8989ed463990363ff288e56d60241e782e720,a081b2a893b717ea345697c27f1edb074f0cb4d50f2e93dbd0604239c1f8c843
2966,N2A,28.656647234351716,12.436066957756324,,not_evaluated,q8wz42-1-literature-bounded-force-law-SD-04-v2,7badc8e270e73e8bae3d84420448e6c79fee9e41bfdb0ca790484750ef329ef6,5d5f02d1a8699579cc775103c0cba793619aaa57,0b16efc4b581fd91a7b07112f0f8989ed463990363ff288e56d60241e782e720,a081b2a893b717ea345697c27f1edb074f0cb4d50f2e93dbd0604239c1f8c843
2966,PEVK,298.62906000503665,292.6736545134208,,not_evaluated,q8wz42-1-literature-bounded-force-law-SD-04-v2,7badc8e270e73e8bae3d84420448e6c79fee9e41bfdb0ca790484750ef329ef6,5d5f02d1a8699579cc775103c0cba793619aaa57,0b16efc4b581fd91a7b07112f0f8989ed463990363ff288e56d60241e782e720,a081b2a893b717ea345697c27f1edb074f0cb4d50f2e93dbd0604239c1f8c843
2966,dist_Ig,58.79365204633092,40.513827294012934,,not_evaluated,q8wz42-1-literature-bounded-force-law-SD-04-v2,7badc8e270e73e8bae3d84420448e6c79fee9e41bfdb0ca790484750ef329ef6,5d5f02d1a8699579cc775103c0cba793619aaa57,0b16efc4b581fd91a7b07112f0f8989ed463990363ff288e56d60241e782e720,a081b2a893b717ea345697c27f1edb074f0cb4d50f2e93dbd0604239c1f8c843
2966,post_N2A_unknown,0,0,,not_evaluated,q8wz42-1-literature-bounded-force-law-SD-04-v2,7badc8e270e73e8bae3d84420448e6c79fee9e41bfdb0ca790484750ef329ef6,5d5f02d1a8699579cc775103c0cba793619aaa57,0b16efc4b581fd91a7b07112f0f8989ed463990363ff288e56d60241e782e720,a081b2a893b717ea345697c27f1edb074f0cb4d50f2e93dbd0604239c1f8c843
3000,prox_Ig,272.9026247173993,188.35843523792863,,not_evaluated,q8wz42-1-literature-bounded-force-law-SD-04-v2,7badc8e270e73e8bae3d84420448e6c79fee9e41bfdb0ca790484750ef329ef6,5d5f02d1a8699579cc775103c0cba793619aaa57,0b16efc4b581fd91a7b07112f0f8989ed463990363ff288e56d60241e782e720,a081b2a893b717ea345697c27f1edb074f0cb4d50f2e93dbd0604239c1f8c843
3000,N2A,29.4256683022517,13.205088025656309,,not_evaluated,q8wz42-1-literature-bounded-force-law-SD-04-v2,7badc8e270e73e8bae3d84420448e6c79fee9e41bfdb0ca790484750ef329ef6,5d5f02d1a8699579cc775103c0cba793619aaa57,0b16efc4b581fd91a7b07112f0f8989ed463990363ff288e56d60241e782e720,a081b2a893b717ea345697c27f1edb074f0cb4d50f2e93dbd0604239c1f8c843
3000,PEVK,313.66573406847886,307.710328576863,,not_evaluated,q8wz42-1-literature-bounded-force-law-SD-04-v2,7badc8e270e73e8bae3d84420448e6c79fee9e41bfdb0ca790484750ef329ef6,5d5f02d1a8699579cc775103c0cba793619aaa57,0b16efc4b581fd91a7b07112f0f8989ed463990363ff288e56d60241e782e720,a081b2a893b717ea345697c27f1edb074f0cb4d50f2e93dbd0604239c1f8c843
3000,dist_Ig,59.00597291187012,40.72614815955213,,not_evaluated,q8wz42-1-literature-bounded-force-law-SD-04-v2,7badc8e270e73e8bae3d84420448e6c79fee9e41bfdb0ca790484750ef329ef6,5d5f02d1a8699579cc775103c0cba793619aaa57,0b16efc4b581fd91a7b07112f0f8989ed463990363ff288e56d60241e782e720,a081b2a893b717ea345697c27f1edb074f0cb4d50f2e93dbd0604239c1f8c843
3000,post_N2A_unknown,0,0,,not_evaluated,q8wz42-1-literature-bounded-force-law-SD-04-v2,7badc8e270e73e8bae3d84420448e6c79fee9e41bfdb0ca790484750ef329ef6,5d5f02d1a8699579cc775103c0cba793619aaa57,0b16efc4b581fd91a7b07112f0f8989ed463990363ff288e56d60241e782e720,a081b2a893b717ea345697c27f1edb074f0cb4d50f2e93dbd0604239c1f8c843
